<?xml version="1.0" encoding="UTF-8" ?>
<!DOCTYPE mapper PUBLIC "-//mybatis.org//DTD Mapper 3.0//EN" "http://mybatis.org/dtd/mybatis-3-mapper.dtd" >
<mapper namespace="zizai.dao.UserMapper" >
  <resultMap id="BaseResultMap" type="zizai.model.User" >
    <id column="id" property="id" jdbcType="INTEGER" />
    <result column="name" property="name" jdbcType="VARCHAR" />
    <result column="pwd" property="pwd" jdbcType="VARCHAR" />
  </resultMap>
  <sql id="Base_Column_List" >
    id, name, pwd
  </sql>
  <select id="selectByPrimaryKey" resultMap="BaseResultMap" parameterType="java.lang.Integer" >
    select 
    <include refid="Base_Column_List" />
    from suser
    where id = #{id,jdbcType=INTEGER}
  </select>
  <select id="selectByName" resultMap="BaseResultMap" parameterType="java.lang.String" >
    select 
    <include refid="Base_Column_List" />
    from suser
    where name = #{name,jdbcType=VARCHAR}
  </select>
   <select id="selectAll" resultMap="BaseResultMap" >
    select 
    <include refid="Base_Column_List" />
    from suser
   
  </select>
  <delete id="deleteByPrimaryKey" parameterType="java.lang.Integer" >
    delete from suser
    where id = #{id,jdbcType=INTEGER}
  </delete>
  <insert id="insert" parameterType="zizai.model.User" >
    insert into suser (id, name, pwd
      )
    values (#{id,jdbcType=INTEGER}, #{name,jdbcType=VARCHAR}, #{pwd,jdbcType=VARCHAR}
      )
  </insert>
  <insert id="insertSelective" parameterType="zizai.model.User" >
    insert into suser
    <trim prefix="(" suffix=")" suffixOverrides="," >
      <if test="id != null" >
        id,
      </if>
      <if test="name != null" >
        name,
      </if>
      <if test="pwd != null" >
        pwd,
      </if>
    </trim>
    <trim prefix="values (" suffix=")" suffixOverrides="," >
      <if test="id != null" >
        #{id,jdbcType=INTEGER},
      </if>
      <if test="name != null" >
        #{name,jdbcType=VARCHAR},
      </if>
      <if test="pwd != null" >
        #{pwd,jdbcType=VARCHAR},
      </if>
    </trim>
  </insert>
  <update id="updateByPrimaryKeySelective" parameterType="zizai.model.User" >
    update suser
    <set >
      <if test="name != null" >
        name = #{name,jdbcType=VARCHAR},
      </if>
      <if test="pwd != null" >
        pwd = #{pwd,jdbcType=VARCHAR},
      </if>
    </set>
    where id = #{id,jdbcType=INTEGER}
  </update>
  <update id="updateByPrimaryKey" parameterType="zizai.model.User" >
    update suser
    set name = #{name,jdbcType=VARCHAR},
      pwd = #{pwd,jdbcType=VARCHAR}
    where id = #{id,jdbcType=INTEGER}
  </update>
  <update id="updatePwdByName" parameterType="zizai.model.User" >
    update suser
    set pwd = #{pwd,jdbcType=VARCHAR}
    where name = #{name,jdbcType=VARCHAR}
  </update>
</mapper>